{
"trainName": "OBB-RJ-1-Afmpz",
"trainType": "EC",
"tags": "NITS",
"trainModel2": {
	"modelFile": "RJ1_Afmpz.mqo",
	"textures": [["UV", "textures/train/RailJet/RJ1-Afmpz.png", "Light,AlphaBlend"]]},
"bogieModel2": {
	"modelFile": "RJdg.mqo",
	"textures": [["default", "textures/train/RailJet/RJ1-Afmpz.png"]]
},
"doCulling": true,
"buttonTexture": "textures/train/RailJet/button_rj1.png",
"soundScriptPath": "scripts/sound_223.js",
"sound_BrakeRelease": "train.rtm_223_release",
"sound_BrakeRelease2": "train.brakeR_w",
"sound_Horn": "train.rtm_wh_00l",
"interiorLights": [
	{"pos": [0.0, 2.5, 2.0]},
	{"pos": [0.0, 2.5, -2.0]}
],
"renderLight": true,
"smoothing": true,
"playerPos": [[0.5, 0.4, 11.25], [0.0, 0.0, -13.2]],
"bogiePos": [[0.0, 0.0, 9.75], [0.0, 0.0, -9.5]],
"trainDistance": 13.0
}