{
"trainName": "OBB-1116-RJ",
"trainType": "EC",
"tags": "NITS",
"trainModel2": {
	"modelFile": "1016rj.mqo",
	"textures": [["UV", "textures/train/RailJet/1116_rj.png", "Light,AlphaBlend"]]},
"bogieModel2": {
	"modelFile": "1016dg.mqo",
	"textures": [["default", "textures/train/RailJet/1116_rj.png"]]
},
"doCulling": true,
"buttonTexture": "textures/train/RailJet/button_rj1116.png",
"soundScriptPath": "scripts/sound_223.js",
"sound_BrakeRelease": "train.rtm_223_release",
"sound_BrakeRelease2": "train.brakeR_w",
"sound_Horn": "train.rtm_wh_00l",
"interiorLights": [
	{"pos": [0.0, 2.5, 2.0]},
	{"pos": [0.0, 2.5, -2.0]}
],
"renderLight": true,
"smoothing": true,
"playerPos": [[0.5, 0.4, 7.5], [0.5, 0.4, -7.5]],
"bogiePos": [[0.0, 0.0, 5.0], [0.0, 0.0, -5.0]],
"pantograph_front":[
{"objects": ["PantoU"],
 "pos": [0.3, 3.25, -5.40],
 "transform": [[-14, 1.0, 0.0, 0.0]],
	"childParts": [{
	"objects": ["PantoO"],
	"pos": [0, 3.7534, -7.0992],
	"transform": [[34.5, 1.0, 0.0, 0.0]],
		"childParts": [{
		"objects": ["PantoU2"],
		"pos": [0, 3.6595, -7.3198],
		"transform": [[-35, 1.0, 0.0, 0.0]],
"childParts": []}]}]},
{"objects": ["Schleifer"],
"pos": [0, 4.54, -3.755],
"transform": [[0.0, -1.165, 0.1]]}],
"trainDistance": 10.0
}