{

"trainName": "JRW221_2_mc_sk3cl2",
"trainType": "EC",
"tags": "JRW221",

"trainModel2": {
	"modelFile": "JRW221c.mqo",
	"textures": [
		["body",       "textures/train/JRW221_2/JRW221c.png", "Light"],
		["body_alpha", "textures/train/JRW221_2/JRW221c.png", "AlphaBlend"],
		["door1", "textures/train/JRW221_2/JRW221c_d1.png", ""],
		["door2", "textures/train/JRW221_2/JRW221c_d2.png", ""],
		["seat",  "textures/train/JRW221_2/seat.png", ""],
		["signmesh", "textures/train/JRW221_2/rollsign_mesh.png", ""]
	],
	"rendererPath": "scripts/Render_JRW221.js"
},

"bogieModel3": [
	{"modelFile": "JRW221bogie_WDT50Hp.mqo",
	"textures": [["default", "textures/train/DT138.png"]],
	"rendererPath": "scripts/Render_JRW221bogie_WDT50H.js"},
	{"modelFile": "JRW221bogie_WDT50H.mqo",
	"textures": [["default", "textures/train/DT138.png"]],
	"rendererPath": "scripts/Render_JRW221bogie_WDT50H.js"}
],

"buttonTexture": "textures/train/JRW221_2/button_JRW221mc.png",

"rollsignTexture": "textures/train/JRW221_2/rollsign.png",
"rollsignNames": [
"01 White",
"02 Test Run",
"03 Not in Service",
"04 Special Train",
"05 Reseved Train",
"06 A Rapid Maibara",
"07 A Rapid Yasu",
"08 A Rapid Osaka",
"09 A Rapid Nishi-Akashi",
"10 A Rapid Kakogawa",
"11 A Rapid Himeji",
"12 A Rapid Aboshi",
"13 A Rapid Kamigori",
"14 A Local Maibara",
"15 A Local Yasu",
"16 A Local Kyoto",
"17 A Local Nishi-Akashi",
"18 A Local Kakogawa",
"19 A Local Himeji",
"20 A Local Aboshi",
"21 A Local Kamigori",
"22 A Local Banshu-Ako",
"23 Local Teramae",
"24 Local Fukusaki",
"25 Local Himeji",
"26 B Local Nagahara",
"27 B Local Omi-Imazu",
"28 B Local Omi-Maiko",
"29 B Local Katata",
"30 B Local Kyoto",
"31 C Local Tsuge",
"32 C Local Kibukawa",
"33 D Miyakoji Nara",
"34 D Miyakoji Kyoto",
"35 D Rapid Nara",
"36 D Rapid Kyoto",
"37 D R-Rapid Nara",
"38 D R-Rapid Kyoto",
"39 D Local Nara",
"40 D Local Joyo",
"41 D Local Uji",
"42 D Local Kyoto",
"43 E Rapid Kyoto",
"44 E Rapid Sonobe",
"45 E Rapid Goma",
"46 E Rapid Fukuchiyama",
"47 E Local Kyoto",
"48 E Local Saga-Arashiyama",
"49 E Local Kameoka",
"50 E Local Sonobe",
"51 O Yamatoji Loop Line",
"52 Q Yamatoji Nara",
"53 Q Yamatoji Kamo",
"54 Q Rapid JR-Namba",
"55 Q Rapid Nara",
"56 Q Rapid Kamo",
"57 Q R-Rapid Loop Line",
"58 Q R-Rapid Takada",
"59 Q R-Rapid Gojo",
"60 Q R-Rapid Nara",
"61 Q R-Rapid Kamo",
"62 Q Local JR-Namba",
"63 Q Local Oji",
"64 Q Local Kashiwara",
"65 Q Local Nara",
"66 T Rapid Takada",
"67 T Rapid Gojo",
"68 Local Takada",
"69 Local Nara",
"70 OutofServiceTestRun"
],
"rollsigns": [
	{"uv": [0.0, 0.2672, 0.0, 1.0],
	"pos": [
		[[0.2895, 2.4474, 9.3922], [0.2895, 2.1842, 9.4591], [-0.2895, 2.1842, 9.4591], [-0.2895, 2.4474, 9.3922]],
		[[1.39, 2.2632, -3.2632], [1.39, 2.0526, -3.2632], [1.39, 2.0526, -2.9211], [1.39, 2.2632, -2.9211]],
		[[-1.39, 2.2632, 3.2632], [-1.39, 2.0526, 3.2632], [-1.39, 2.0526, 2.9211], [-1.39, 2.2632, 2.9211]]
	],
	"doAnimation": true,
	"disableLighting": false
	},
	{"uv": [0.2672, 0.6336, 0.0, 1.0],
	"pos": [
		[[1.39, 2.2562, -4.2841], [1.39, 2.0580, -4.2841], [1.39, 2.0580, -3.6896], [1.39, 2.2562, -3.6896]],
		[[-1.39, 2.2562, 4.2841], [-1.39, 2.0580, 4.2841], [-1.39, 2.0580, 3.6896], [-1.39, 2.2562, 3.6896]]
	],
	"doAnimation": false,
	"disableLighting": false
	},
	{"uv": [0.6336, 1.0, 0.0, 1.0],
	"pos": [
		[[1.1316, 2.3421, 9.3000], [1.1316, 2.1316, 9.3546], [0.5, 2.1316, 9.4510], [0.5, 2.3421, 9.3973]]
	],
	"doAnimation": false,
	"disableLighting": false
	}
],

"soundScriptPath": "scripts/sound_223.js",
"sound_BrakeRelease": "train.rtm_223_release",
"sound_BrakeRelease2": "train.brakeR_w",
"sound_Horn": "train.rtm_wh_00l",
"sound_DoorOpen": "train.door",
"sound_DoorClose": "train.door",

"slotPos": [
	[0.8, 0.0, 9.25, 2], [0.8, 0.0, 8.25, 2],
	[-0.8, 0.0, 9.25, 2], [-0.8, 0.0, 8.25, 2],
	[0.8, 0.0, 5.75, 2], [0.8, 0.0, 4.85, 2], [0.8, 0.0, 3.95, 2], [0.8, 0.0, 3.05, 2], [0.8, 0.0, 2.15, 2], [0.8, 0.0, 1.25, 2],
	[0.8, 0.0, -5.75, 2], [0.8, 0.0, -4.85, 2], [0.8, 0.0, -3.95, 2], [0.8, 0.0, -3.05, 2], [0.8, 0.0, -2.15, 2], [0.8, 0.0, -1.25, 2],
	[-0.8, 0.0, 5.75, 2], [-0.8, 0.0, 4.85, 2], [-0.8, 0.0, 3.95, 2], [-0.8, 0.0, 3.05, 2], [-0.8, 0.0, 2.15, 2], [-0.8, 0.0, 1.25, 2],
	[-0.8, 0.0, -5.75, 2], [-0.8, 0.0, -4.85, 2], [-0.8, 0.0, -3.95, 2], [-0.8, 0.0, -3.05, 2], [-0.8, 0.0, -2.15, 2], [-0.8, 0.0, -1.25, 2],
	[0.8, 0.0, -9.25, 2], [0.8, 0.0, -8.25, 2],
	[-0.8, 0.0, -9.25, 2], [-0.8, 0.0, -8.25, 2]
],

"interiorLights": [
	{"pos": [0.0, 2.5, 5.0]},
	{"pos": [0.0, 2.5, -5.0]}
],

"renderLight": true,
"smoothing": true,
"doCulling": true,
"playerPos": [[0.85, 0.2, 8.7], [0.0, 0.2, -9.0]],
"bogiePos": [[0.0, 0.0, 6.8], [0.0, 0.0, -6.8]],
"trainDistance": 10.0,

"accelerateion": 0.00145824,
"maxSpeed": [0.40, 0.84, 1.08, 1.39, 1.67],
"wheelRotationSpeed": 1.0,
"rolling": 0.2



}