{

"trainName": "JRW221_1_tc_sk2cl1hr",
"trainType": "EC",
"tags": "JRW221",

"trainModel2": {
	"modelFile": "JRW221c.mqo",
	"textures": [
		["body",       "textures/train/JRW221_1/JRW221c_wc.png", "Light"],
		["body_alpha", "textures/train/JRW221_1/JRW221c_wc.png", "AlphaBlend"],
		["door1", "textures/train/JRW221_1/JRW221c_wc_d1.png", ""],
		["door2", "textures/train/JRW221_1/JRW221c_wc_d2.png", ""],
		["seat",  "textures/train/JRW221_1/seat_old.png", ""],
		["signmesh", "textures/train/JRW221_1/rollsign_mesh.png", ""]
	],
	"rendererPath": "scripts/Render_JRW221.js"
},

"bogieModel3": [
	{"modelFile": "JRW221bogie_WDT50Hp.mqo",
	"textures": [["default", "textures/train/DT138.png"]],
	"rendererPath": "scripts/Render_JRW221bogie_WDT50H.js"},
	{"modelFile": "JRW221bogie_WDT50H.mqo",
	"textures": [["default", "textures/train/DT138.png"]],
	"rendererPath": "scripts/Render_JRW221bogie_WDT50H.js"}
],

"buttonTexture": "textures/train/JRW221_1/button_JRW221tc_sk2hr.png",

"rollsignTexture": "textures/train/JRW221_1/rollsign_old.png",
"rollsignNames": [
"01 White",
"02 Test Run",
"03 Not in Service",
"04 Special Train",
"05 Reseved Train",
"06 Rapid Maibara",
"07 Rapid Yasu",
"08 Rapid Osaka",
"09 Rapid Nishi-Akashi",
"10 Rapid Kakogawa",
"11 Rapid Himeji",
"12 Rapid Aboshi",
"13 Rapid Kamigori",
"14 Local Maibara",
"15 Local Yasu",
"16 Local Kyoto",
"17 Local Nishi-Akashi",
"18 Local Kakogawa",
"19 Local Himeji",
"20 Local Aboshi",
"21 Local Kamigori",
"22 Local Banshu-Ako",
"23 Local Teramae",
"24 Local Fukusaki",
"25 Local Himeji",
"26 Local Nagahara",
"27 Local Omi-Imazu",
"28 Local Omi-Maiko",
"29 Local Katata",
"30 Local Kyoto",
"31 Local Tsuge",
"32 Local Kibukawa",
"33 Miyakoji Nara",
"34 Miyakoji Kyoto",
"35 Rapid Nara",
"36 Rapid Kyoto",
"37 R-Rapid Nara",
"38 R-Rapid Kyoto",
"39 Local Nara",
"40 Local Joyo",
"41 Local Uji",
"42 Local Kyoto",
"43 Rapid Kyoto",
"44 Rapid Sonobe",
"45 Rapid Goma",
"46 Rapid Fukuchiyama",
"47 Local Kyoto",
"48 Local Saga-Arashiyama",
"49 Local Kameoka",
"50 Local Sonobe",
"51 Yamatoji Loop Line",
"52 Yamatoji Nara",
"53 Yamatoji Kamo",
"54 Rapid JR-Namba",
"55 Rapid Nara",
"56 Rapid Kamo",
"57 R-Rapid Loop Line",
"58 R-Rapid Takada",
"59 R-Rapid Gojo",
"60 R-Rapid Nara",
"61 R-Rapid Kamo",
"62 Local JR-Namba",
"63 Local Oji",
"64 Local Kashiwara",
"65 Local Nara",
"66 Rapid Takada",
"67 Rapid Gojo",
"68 Local Takada",
"69 Local Nara",
"70 S-Rapid Himeji Old",
"71 S-Rapid Himeji",
"72 Rapid Ogaki",
"73 Local Ogaki"
],
"rollsigns": [
	{"uv": [0.0, 0.2672, 0.0, 1.0],
	"pos": [
		[[0.2895, 2.4474, 9.3922], [0.2895, 2.1842, 9.4591], [-0.2895, 2.1842, 9.4591], [-0.2895, 2.4474, 9.3922]],
		[[1.39, 2.2632, -3.2632], [1.39, 2.0526, -3.2632], [1.39, 2.0526, -2.9211], [1.39, 2.2632, -2.9211]],
		[[-1.39, 2.2632, 3.2632], [-1.39, 2.0526, 3.2632], [-1.39, 2.0526, 2.9211], [-1.39, 2.2632, 2.9211]]
	],
	"doAnimation": true,
	"disableLighting": false
	},
	{"uv": [0.2672, 0.6336, 0.0, 1.0],
	"pos": [
		[[1.39, 2.2562, -4.2841], [1.39, 2.0580, -4.2841], [1.39, 2.0580, -3.6896], [1.39, 2.2562, -3.6896]],
		[[-1.39, 2.2562, 4.2841], [-1.39, 2.0580, 4.2841], [-1.39, 2.0580, 3.6896], [-1.39, 2.2562, 3.6896]]
	],
	"doAnimation": false,
	"disableLighting": false
	},
	{"uv": [0.6336, 1.0, 0.0, 1.0],
	"pos": [
		[[1.1316, 2.3421, 9.3000], [1.1316, 2.1316, 9.3546], [0.5, 2.1316, 9.4510], [0.5, 2.3421, 9.3973]]
	],
	"doAnimation": false,
	"disableLighting": false
	}
],

"soundScriptPath": "scripts/sound_223.js",
"sound_BrakeRelease": "train.rtm_223_release",
"sound_BrakeRelease2": "train.brakeR_w",
"sound_Horn": "train.rtm_wh_00l",
"sound_DoorOpen": "train.door",
"sound_DoorClose": "train.door",

"slotPos": [
	[0.8, 0.0, 9.25, 2], [0.8, 0.0, 8.25, 2],
	[-0.8, 0.0, 9.25, 2], [-0.8, 0.0, 8.25, 2],
	[0.8, 0.0, 5.75, 2], [0.8, 0.0, 4.85, 2], [0.8, 0.0, 3.95, 2], [0.8, 0.0, 3.05, 2], [0.8, 0.0, 2.15, 2], [0.8, 0.0, 1.25, 2],
	[0.8, 0.0, -5.75, 2], [0.8, 0.0, -4.85, 2], [0.8, 0.0, -3.95, 2], [0.8, 0.0, -3.05, 2], [0.8, 0.0, -2.15, 2], [0.8, 0.0, -1.25, 2],
	[-0.8, 0.0, 5.75, 2], [-0.8, 0.0, 4.85, 2], [-0.8, 0.0, 3.95, 2], [-0.8, 0.0, 3.05, 2], [-0.8, 0.0, 2.15, 2], [-0.8, 0.0, 1.25, 2],
	[-0.8, 0.0, -5.75, 2], [-0.8, 0.0, -4.85, 2], [-0.8, 0.0, -3.95, 2], [-0.8, 0.0, -3.05, 2], [-0.8, 0.0, -2.15, 2], [-0.8, 0.0, -1.25, 2],
	[0.8, 0.0, -9.25, 2], [0.8, 0.0, -8.25, 2],
	[-0.8, 0.0, -9.25, 2], [-0.8, 0.0, -8.25, 2]
],

"interiorLights": [
	{"pos": [0.0, 2.5, 5.0]},
	{"pos": [0.0, 2.5, -5.0]}
],

"renderLight": true,
"smoothing": true,
"doCulling": true,
"playerPos": [[0.85, 0.2, 8.7], [0.0, 0.2, -9.0]],
"bogiePos": [[0.0, 0.0, 6.8], [0.0, 0.0, -6.8]],
"trainDistance": 10.0,

"accelerateion": 0.00145824,
"maxSpeed": [0.40, 0.84, 1.08, 1.39, 1.67],
"wheelRotationSpeed": 1.0,
"rolling": 0.2



}