{
"trainName": "ENODEN_304GR_D_2",
"trainType": "EC",
"tags": "Hojyo Enoden 300",

"trainModel2": {"modelFile": "ModelTrain_trainkit_EnD300_Down.mqo",
				"textures": [
					["mat1", "textures/train/ENODEN_304GR/300.png", "Light"],
					["mat2", "textures/train/ENODEN_304GR/window.png", "AlphaBlend"],
					["mat3", "textures/train/ENODEN_304GR/300_door.png"]
				]},
"bogieModel3": [{"modelFile": "TS-829_Mi.mqo",
				"textures": [["default", "textures/train/DT138.png"]]},
				{"modelFile": "TS-830_Mi.mqo",
				"textures": [["default", "textures/train/DT138.png"]]}],
"buttonTexture": "textures/train/ENODEN_304GR/button_300D_2.png",
"smoothing": true,
"doCulling": true,

"soundScriptPath": "scripts/sound_223.js",
"sound_BrakeRelease": "train.rtm_223_release",
"sound_BrakeRelease2": "train.brakeR_w",
"sound_Horn": "train.rtm_wh_00l",
"sound_DoorOpen": "train.door",
"sound_DoorClose": "train.door",

"seatPos": [
[12, 1, 67, 2], [12, 1, 33, 2], [12, 1, -3, 2], [12, 1, -21, 2], [12, 1, -53, 2], [12, 1, -69, 2], [12, 1, -85, 2], 
[-12, 1, 67, 2], [-12, 1, 33, 2], [-12, 1, -3, 2], [-12, 1, -21, 2], [-12, 1, -53, 2], [-12, 1, -69, 2], [-12, 1, -85, 2]],

"interiorLights": [ {"pos": [0.0, 2.2, 0.0]} ],

"playerPos": [[0.0, 0.05, 4.95], [0.0, 0.05, -5.3]],
"bogiePos": [[0.0, 0.0, 3.55], [0.0, 0.0, -6.15]],
"trainDistance": 6.15,

"accelerateion" : 0.0015,
"maxSpeed": [0.208, 0.417, 0.556, 0.694, 0.833],

"door_left": [
	{"objects": ["door_LB"],
	"pos": [0.0, 0.0, 0.0],
	"transform": [[0.0, 0.0, -0.87]]}
],
"door_right": [
	{"objects": ["door_RB"],
	"pos": [0.0, 0.0, 0.0],
	"transform": [[0.0, 0.0, -0.87]]}
]

}