{
"trainName": "ENODEN_1500KE1_SU_1",
"trainType": "EC",
"tags": "Hojyo Enoden 1500",

"trainModel2": {"modelFile": "ModelTrain_trainkit_EnD1200.mqo",
				"textures": [
					["mat1", "textures/train/ENODEN_1500KE1/1000S.png", "Light"],
					["mat2", "textures/train/ENODEN_1500KE1/window.png", "AlphaBlend"],
					["mat3", "textures/train/ENODEN_1500KE1/1000_door.png"]
				]},
"bogieModel3": [{"modelFile": "TS-829_Mi.mqo",
				"textures": [["default", "textures/train/DT138.png"]]},
				{"modelFile": "ModelBogie.class",
				"textures": [["default", "textures/train/tp.png"]]}],
"buttonTexture": "textures/train/ENODEN_1500KE1/button_1000SU_1.png",
"smoothing": true,
"doCulling": true,

"soundScriptPath": "scripts/sound_223.js",
"sound_BrakeRelease": "train.rtm_223_release",
"sound_BrakeRelease2": "train.brakeR_w",
"sound_Horn": "train.rtm_wh_00l",
"sound_DoorOpen": "train.door",
"sound_DoorClose": "train.door",

"seatPos": [
[12, 1, 60, 2], [12, 1, 24, 2], [12, 1, 1, 2], [12, 1, -22, 2], [12, 1, -53, 2], [12, 1, -69, 2], [12, 1, -85, 2], 
[-12, 1, 60, 2], [-12, 1, 24, 2], [-12, 1, 1, 2], [-12, 1, -22, 2], [-12, 1, -53, 2], [-12, 1, -69, 2], [-12, 1, -85, 2]],

"interiorLights": [ {"pos": [0.0, 2.2, 0.0]} ],

"playerPos": [[0.0, 0.05, 4.95], [0.0, 0.05, -5.5]],
"bogiePos": [[0.0, 0.0, 3.58], [0.0, 0.0, -6.18]],
"trainDistance": 6.18,

"accelerateion" : 0.0015,
"maxSpeed": [0.208, 0.417, 0.556, 0.694, 0.833],

"door_left": [
	{"objects": ["door_LB"],
	"pos": [0.0, 0.0, 0.0],
	"transform": [[0.0, 0.0, -0.98]]}
],
"door_right": [
	{"objects": ["door_RB"],
	"pos": [0.0, 0.0, 0.0],
	"transform": [[0.0, 0.0, -0.98]]}
]

}