{
"trainName": "ENODEN_2000GO_A_CD_2",
"trainType": "EC",
"tags": "Hojyo Enoden 2000",

"trainModel2": {"modelFile": "ModelTrain_trainkit_EnD2000_A_Down.mqo",
				"textures": [
					["mat1", "textures/train/ENODEN_2000GO_A/2000C.png", "Light"],
					["mat2", "textures/train/ENODEN_2000GO_A/window.png", "AlphaBlend"],
					["mat3", "textures/train/ENODEN_2000GO_A/2000_door.png"]
				]},
"bogieModel3": [{"modelFile": "TS-829_Mi.mqo",
				"textures": [["default", "textures/train/DT138.png"]]},
				{"modelFile": "TS-830_Mi.mqo",
				"textures": [["default", "textures/train/DT138.png"]]}],
"buttonTexture": "textures/train/ENODEN_2000GO_A/button_2000CD_2.png",
"smoothing": true,
"doCulling": true,

"soundScriptPath": "scripts/sound_223.js",
"sound_BrakeRelease": "train.rtm_223_release",
"sound_BrakeRelease2": "train.brakeR_w",
"sound_Horn": "train.rtm_wh_00l",
"sound_DoorOpen": "train.door",
"sound_DoorClose": "train.door",

"seatPos": [
[12, 1, 63, 2], [12, 1, 20, 2], [12, 1, 0, 2], [12, 1, -20, 2], [12, 1, -56, 2], [12, 1, -70, 2], [12, 1, -85, 2], 
[-12, 1, 63, 2], [-12, 1, 20, 2], [-12, 1, 0, 2], [-12, 1, -20, 2], [-12, 1, -56, 2], [-12, 1, -70, 2], [-12, 1, -85, 2]],

"interiorLights": [ {"pos": [0.0, 2.2, 0.0]} ],

"playerPos": [[0.0, 0.0, 4.95], [0.0, 0.0, -5.5]],
"bogiePos": [[0.0, 0.0, 3.58], [0.0, 0.0, -6.18]],
"trainDistance": 6.18,

"accelerateion" : 0.0015,
"maxSpeed": [0.208, 0.417, 0.556, 0.694, 0.833],

"door_left": [
	{"objects": ["door_LB"],
	"pos": [0.0, 0.0, 0.0],
	"transform": [[0.0, 0.0, -0.98]]}
],
"door_right": [
	{"objects": ["door_RB"],
	"pos": [0.0, 0.0, 0.0],
	"transform": [[0.0, 0.0, -0.98]]}
]

}