{
  "haru": {
    "category": "neutral",
    "sounds": [
      "haru"
    ]
  },
  "harukaze": {
    "category": "neutral",
    "sounds": [
      "harukaze"
    ]
  },
  "hidamari": {
    "category": "neutral",
    "sounds": [
      "hidamari"
    ]
  },
  "joban1": {
    "category": "neutral",
    "sounds": [
      "joban1"
    ]
  },
  "joban2": {
    "category": "neutral",
    "sounds": [
      "joban2"
    ]
  },
  "joban3": {
    "category": "neutral",
    "sounds": [
      "joban3"
    ]
  },
  "kougen": {
    "category": "neutral",
    "sounds": [
      "kougen"
    ]
  },
  "kumowotomotoshite": {
    "category": "neutral",
    "sounds": [
      "kumowotomotoshite"
    ]
  },
  "seiryu": {
    "category": "neutral",
    "sounds": [
      "seiryu"
    ]
  }
}