{
    "name": "EDB_Common1",
    "model": {
        "modelFile": "EDB_JR_Common_s.mqo",
        "textures": [ [ "default", "textures/EDB_Original/EDB_Common1.png", "Alphablend,Light" ] ],
        "rendererPath": "scripts/EDB_Original/renderEDB_Common.js"
    },
    "buttonTexture": "textures/EDB_Original/button_EDB_Common1.png",
    "machineType": "Light",
    "rotateByMetadata": false,
    "brightness": [ 0, 15 ],
    "smoothing": true,
    "doCulling": false,
    "accuracy": "LOW"
}
