{
  "aratana kisetsu": {
    "category": "neutral",
    "sounds": [
      "aratana kisetsu"
    ]
  },
  "azamino": {
    "category": "neutral",
    "sounds": [
      "azamino"
    ]
  },
  "harumachikaze": {
    "category": "neutral",
    "sounds": [
      "harumachikaze"
    ]
  },
  "Holiday": {
    "category": "neutral",
    "sounds": [
      "Holiday"
    ]
  },
  "kaigan dori": {
    "category": "neutral",
    "sounds": [
      "kaigan dori"
    ]
  },
  "kaze to tomoni": {
    "category": "neutral",
    "sounds": [
      "kaze to tomoni"
    ]
  },
  "kigi no mezame": {
    "category": "neutral",
    "sounds": [
      "kigi no mezame"
    ]
  },
  "See you again": {
    "category": "neutral",
    "sounds": [
      "See you again"
    ]
  },
  "senro no kanata": {
    "category": "neutral",
    "sounds": [
      "senro no kanata"
    ]
  },
  "Spring box": {
    "category": "neutral",
    "sounds": [
      "Spring box"
    ]
  },
  "Sunrise": {
    "category": "neutral",
    "sounds": [
      "Sunrise"
    ]
  },
  "susukino kogen": {
    "category": "neutral",
    "sounds": [
      "susukino kogen"
    ]
  },
  "syncopation": {
    "category": "neutral",
    "sounds": [
      "syncopation"
    ]
  },
  "utsukushiki oka": {
    "category": "neutral",
    "sounds": [
      "utsukushiki oka"
    ]
  }
}