{
"trainName": "BR193_0193-462",
"trainType": "EC",
"tags": "NITS",
"trainModel2": {
	"modelFile": "vectron.mqo",
	"textures": [["UV", "textures/train/BR193/193-462.png"],["L", "textures/train/BR193/Vec.png", "Light,AlphaBlend"]]},
"bogieModel2": {
	"modelFile": "vecdg.mqo",
	"textures": [["default", "textures/train/BR193/Vec.png"]]},
"doCulling": true,
"buttonTexture": "textures/train/BR193/193-462.png",
"soundScriptPath": "scripts/sound_223.js",
"sound_BrakeRelease": "train.rtm_223_release",
"sound_BrakeRelease2": "train.brakeR_w",
"sound_Horn": "train.rtm_wh_00l",
"interiorLights": [{"pos": [0.0, 2.5, 2.0]},{"pos": [0.0, 2.5, -2.0]}],
"renderLight": true,
"smoothing": true,
"playerPos": [[-0.5, 0.8, 7.8], [0.5, 0.8, -7.8]],
"seatPos": [[8, 7, 125, 2],[-8, 7, -125, 2]],
"bogiePos": [[0.0, 0.0, 4.5], [0.0, 0.0, -4.5]],
"pantograph_front":[
{"objects": ["PantoU"],
 "pos": [0.3, 3.25, -5.40],
 "transform": [[-14, 1.0, 0.0, 0.0]],
	"childParts": [{
	"objects": ["PantoO"],
	"pos": [0, 3.7534, -7.0992],
	"transform": [[34.5, 1.0, 0.0, 0.0]],
		"childParts": [{
		"objects": ["PantoU2"],
		"pos": [0, 3.6595, -7.3198],
		"transform": [[-35, 1.0, 0.0, 0.0]],
"childParts": []}]}]},
{"objects": ["Schleifer"],
"pos": [0, 4.54, -3.755],
"transform": [[0.0, -1.165, 0.1]]}],
"trainDistance": 9.5
}