{
"trainName": "BR247_0247-903",
"trainType": "DC",
"tags": "NITS",
"trainModel2": {
	"modelFile": "vectronD.mqo",
	"textures": [["UV", "textures/train/BR193/247-903.png"],["L", "textures/train/BR193/Vec.png", "Light,AlphaBlend"]]},
"bogieModel2": {
	"modelFile": "vecdg.mqo",
	"textures": [["default", "textures/train/BR193/Vec.png"]]},
"doCulling": true,
"buttonTexture": "textures/train/BR193/247-903.png",
"sound_Stop": "train.rtm_dc40r_stn",
"sound_S_A": "train.rtm_dc40r_go-a",
"sound_Acceleration": "train.rtm_dc40r_a",
"sound_Deceleration": "train.rtm_dc40r_i",
"sound_D_S": "train.rtm_dc40r_i-stop",
"sound_Horn": "train.rtm_wh_00l",
"interiorLights": [{"pos": [0.0, 2.5, 2.0]},{"pos": [0.0, 2.5, -2.0]}],
"renderLight": true,
"smoothing": true,
"playerPos": [[-0.5, 0.8, 7.8], [0.5, 0.8, -7.8]],
"bogiePos": [[0.0, 0.0, 4.5], [0.0, 0.0, -4.5]],
"trainDistance": 9.5
}