{

"trainName": "HT_JRS113_r_004",
"trainType": "EC",
"tags": "ajitsuke hojyo 113 JRS113_r",

"trainModel2": {
	"modelFile": "ModelTrain_113_0_Tc_JRS.mqo",
	"textures": [
		["body",       "textures/train/JRS113_r/113_0_shikoku_Tc.png", "Light"],
		["body_alpha", "textures/train/JRS113_r/113_0_shikoku_Tc.png", ""],
		["door1",      "textures/train/JRS113_r/door/Tc_d1.png", ""],
		["door2",      "textures/train/JRS113_r/door/Tc_d2.png", ""],
		["kyotsu_texture", "textures/train/113_parts/JRS/Kyotsu_0_Tc_JRS.png",""]
	]
},

"bogieModel2": {
	"modelFile": "DT21nocap_Mi.mqo",
	"textures": [["default", "textures/train/DT138_gray.png"]]
},

"buttonTexture": "textures/train/JRS113_r/button_113_0_shikoku_Tc.png",

"rollsignTexture": "textures/train/113_rollsigns/rollsign_shikoku.png",
"rollsignNames": [
	"01 White", "02 Not in Service", "03 Test Run", "04 Special Train", "05 Reserved Train", 
	"06 Local", "07 Rapid Service", "08 White", "09 Okayama", "10 Takamatsu", 
	"11 Sakaide", "12 Utazu", "13 Tadotsu", "14 Kanonji", "15 Kawanoe", 
	"16 Iyo-Mishima", "17 Niihama", "18 IyoSaijo", "19 Imabari", "20 IyoHojo", 
	"21 Matsuyama", "22 Iyoshi", "23 Kotohira", "24 White", "25 R_Sunport(1L)_Okayama", 
	"26 R_Sunport(1L)_Takamatsu", "27 R_Sunport(1L)_Sakaide", "28 R_Sunport(1L)_Utazu", "29 R_Sunport(1L)_Tadotsu", "30 R_Sunport(1L)_Kanonji", 
	"31 R_Sunport(1L)_Kawanoe", "32 R_Sunport(1L)_Iyomishima", "33 R_Sunport(1L)_Niihama", "34 R_Sunport(1L)_IyoSaijo", "35 R_Sunport(1L)_Imabari", 
	"36 R_Sunport(1L)_IyoHojo", "37 R_Sunport(1L)_Matsuyama", "38 R_Sunport(1L)_Iyoshi", "39 R_Sunport(1L)_Kotohira", "40 White", 
	"41 R_Sunport(2L)_Okayama", "42 R_Sunport(2L)_Takamatsu", "43 R_Sunport(2L)_Sakaide", "44 R_Sunport(2L)_Utazu", "45 R_Sunport(2L)_Tadotsu", 
	"46 R_Sunport(2L)_Kanonji", "47 R_Sunport(2L)_Kawanoe", "48 R_Sunport(2L)_IyoMishima", "49 R_Sunport(2L)_Niihama", "50 R_Sunport(2L)_IyoSaijo", 
	"51 R_Sunport(2L)_Imabari", "52 R_Sunport(2L)_IyoHojo", "53 R_Sunport(2L)_Matsuyama", "54 R_Sunport(2L)_Iyoshi", "55 R_Sunport(2L)_Kotohira", 
	"56 White", "57 NampuRelay_Okayama", "58 NampuRelay_Takamatsu", "59 NampuRelay_Sakaide", "60 NampuRelay_Utazu", 
	"61 NampuRelay_Tadotsu", "62 NampuRelay_Kanonji", "63 NampuRelay_Kawanoe", "64 NampuRelay_IyoMishima", "65 NampuRelay_Niihama", 
	"66 NampuRelay_IyoSaijo", "67 NampuRelay_Imabari", "68 NampuRelay_IyoHojo", "69 NampuRelay_Matsuyama", "70 NampuRelay_Iyoshi", 
	"71 NampuRelay_Kotohira", "72 White"
],

"rollsigns": [
	{
		"uv": [0.4304, 1.0, 0.0, 1.0],
		"pos": [
			[[1.395, 2.19, -9.3224], [1.395, 1.993, -9.3224], [1.395, 1.993, -8.6774], [1.395, 2.19, -8.6774]],
			[[-1.395, 2.19, -8.6774], [-1.395, 1.993, -8.6774], [-1.395, 1.993, -9.3224], [-1.395, 2.19, -9.3224]]
		],
		"doAnimation": true
	},
	{
		"uv": [0.0, 0.4278, 0.0, 1.0],
		"pos": [
			[[0.2439, 1.0851, 9.7434], [0.2439, 0.8875, 9.7434], [-0.2439, 0.8875, 9.7434], [-0.2439, 1.0851, 9.7434]]
		],
		"doAnimation": true
	}
],

"soundScriptPath": "scripts/sound_JNR103_HT.js",
"sound_BrakeRelease": "train.o220_release",
"sound_BrakeRelease2": "train.brakeR_w",
"sound_Horn": "train.rtm_wh_00l",
"sound_DoorOpen": "sound_hojyo:train.rtm_475_dooropen_MiHT",
"sound_DoorClose": "sound_hojyo:train.rtm_475_doorclose_MiHT",

"seatPos": [[12, 0, 20, 2], [12, 0, 35, 2], [12, 0, 49, 2], [12, 0, 63, 2], [12, 0, 78, 2],
			[12, 0, -20, 2], [12, 0, -35, 2], [12, 0, -49, 2], [12, 0, -63, 2], [12, 0, -78, 2], [12, 0, -131, 2], [12, 0, -148, 2],
			[-12, 0, 20, 2], [-12, 0, 35, 2], [-12, 0, 49, 2], [-12, 0, 63, 2], [-12, 0, 78, 2],
			[-12, 0, -20, 2], [-12, 0, -35, 2], [-12, 0, -49, 2], [-12, 0, -63, 2], [-12, 0, -78, 2], [-12, 0, -131, 2], [-12, 0, -148, 2]],

"interiorLights": [
	{"pos": [0.0, 2.5, 5.0]},
	{"pos": [0.0, 2.5, -5.0]}
],

"smoothing": true,
"playerPos": [[0.85, 0.3, 8.65], [-0.85, 0.2, -8.95]],
"bogiePos": [[0.0, 0.0, 7.0], [0.0, 0.0, -7.0]],
"trainDistance": 10.0,

"door_left": [
	{"objects": ["door_LF"],
	"pos": [0.0, 0.0, 0.0],
	"transform": [[0.0, 0.0, 0.65]]},
	{"objects": ["door_LB"],
	"pos": [0.0, 0.0, 0.0],
	"transform": [[0.0, 0.0, -0.65]]}
],
"door_right": [
	{"objects": ["door_RF"],
	"pos": [0.0, 0.0, 0.0],
	"transform": [[0.0, 0.0, 0.65]]},
	{"objects": ["door_RB"],
	"pos": [0.0, 0.0, 0.0],
	"transform": [[0.0, 0.0, -0.65]]}
],

"pantograph_front": [
{"objects": ["panta_A1_1"],	"pos": [0.0, 2.8784, 7.5224],	"transform": [[33, 1.0, 0.0, 0.0]],
"childParts": [
	{"objects": ["panta_A1_2"],	"pos": [0.0, 3.6729, 8.5431],	"transform": [[-63, 1.0, 0.0, 0.0]],
	"childParts": [
		{"objects": ["panta_A1_3"],	"pos": [0.0, 4.6101, 7.0935],	"transform": [[30, 1.0, 0.0, 0.0]]} ] } ] },
{"objects": ["panta_A1_4"],	"pos": [0.0, 2.8784, 6.4776],	"transform": [[-33, 1.0, 0.0, 0.0]],
"childParts": [
	{"objects": ["panta_A1_5"],	"pos": [0.0, 3.6729, 5.4569],	"transform": [[63, 1.0, 0.0, 0.0]] } ] }
,
{"objects": ["panta_A2_1"],	"pos": [0.0, 2.8784, -6.4776],	"transform": [[33, 1.0, 0.0, 0.0]],
"childParts": [
	{"objects": ["panta_A2_2"],	"pos": [0.0, 3.6729, -5.4569],	"transform": [[-63, 1.0, 0.0, 0.0]],
	"childParts": [
		{"objects": ["panta_A2_3"],	"pos": [0.0, 4.6101, -6.9065],	"transform": [[30, 1.0, 0.0, 0.0]]} ] } ] },
{"objects": ["panta_A2_4"],	"pos": [0.0, 2.8784, -7.5224],	"transform": [[-33, 1.0, 0.0, 0.0]],
"childParts": [
	{"objects": ["panta_A2_5"],	"pos": [0.0, 3.6729, -8.5431],	"transform": [[63, 1.0, 0.0, 0.0]] } ] }
]

}