{

"trainName": "HT_JRS113_r_003",
"trainType": "EC",
"tags": "ajitsuke hojyo 113 JRS113_r",

"trainModel2": {
	"modelFile": "ModelTrain_113_0_Mpt_JRS.mqo",
	"textures": [
		["body",       "textures/train/JRS113_r/113_0_shikoku_Mptpt.png", ""],
		["body_alpha", "textures/train/JRS113_r/113_0_shikoku_Mptpt.png", ""],
		["door1",      "textures/train/JRS113_r/door/T_d1.png", ""],
		["door2",      "textures/train/JRS113_r/door/T_d2.png", ""],
		["kyotsu_texture", "textures/train/113_parts/JRS/Kyotsu_0_Mp_JRS.png",""]
	]
},

"bogieModel2": {
	"modelFile": "DT21nocap_Mi.mqo",
	"textures": [["default", "textures/train/DT138_gray.png"]]
},

"buttonTexture": "textures/train/JRS113_r/button_113_0_shikoku_Mptpt.png",

"soundScriptPath": "scripts/sound_JNR103_HT.js",
"sound_BrakeRelease": "train.o220_release",
"sound_BrakeRelease2": "train.brakeR_w",
"sound_Horn": "train.rtm_wh_00l",
"sound_DoorOpen": "sound_hojyo:train.rtm_475_dooropen_MiHT",
"sound_DoorClose": "sound_hojyo:train.rtm_475_doorclose_MiHT",

"seatPos": [[12, 0, 20, 2], [12, 0, 35, 2], [12, 0, 49, 2], [12, 0, 63, 2], [12, 0, 78, 2], [12, 0, 127, 2],
			[12, 0, -20, 2], [12, 0, -35, 2], [12, 0, -49, 2], [12, 0, -63, 2], [12, 0, -78, 2], [12, 0, -131, 2], [12, 0, -148, 2],
			[-12, 0, 20, 2], [-12, 0, 35, 2], [-12, 0, 49, 2], [-12, 0, 63, 2], [-12, 0, 78, 2], [-12, 0, 127, 2],
			[-12, 0, -20, 2], [-12, 0, -35, 2], [-12, 0, -49, 2], [-12, 0, -63, 2], [-12, 0, -78, 2], [-12, 0, -131, 2], [-12, 0, -148, 2]],

"interiorLights": [
	{"pos": [0.0, 2.5, 5.0]},
	{"pos": [0.0, 2.5, -5.0]}
],

"smoothing": true,
"playerPos": [[0.85, 0.2, 8.95], [-0.85, 0.2, -8.95]],
"bogiePos": [[0.0, 0.0, 7.0], [0.0, 0.0, -7.0]],
"trainDistance": 10.0,

"door_left": [
	{"objects": ["door_LF"],
	"pos": [0.0, 0.0, 0.0],
	"transform": [[0.0, 0.0, 0.65]]},
	{"objects": ["door_LB"],
	"pos": [0.0, 0.0, 0.0],
	"transform": [[0.0, 0.0, -0.65]]}
],
"door_right": [
	{"objects": ["door_RF"],
	"pos": [0.0, 0.0, 0.0],
	"transform": [[0.0, 0.0, 0.65]]},
	{"objects": ["door_RB"],
	"pos": [0.0, 0.0, 0.0],
	"transform": [[0.0, 0.0, -0.65]]}
],

"pantograph_front": [
{"objects": ["panta_A1_1"],	"pos": [0.0, 2.8784, 7.5224],	"transform": [[33, 1.0, 0.0, 0.0]],
"childParts": [
	{"objects": ["panta_A1_2"],	"pos": [0.0, 3.6729, 8.5431],	"transform": [[-63, 1.0, 0.0, 0.0]],
	"childParts": [
		{"objects": ["panta_A1_3"],	"pos": [0.0, 4.6101, 7.0935],	"transform": [[30, 1.0, 0.0, 0.0]]} ] } ] },
{"objects": ["panta_A1_4"],	"pos": [0.0, 2.8784, 6.4776],	"transform": [[-33, 1.0, 0.0, 0.0]],
"childParts": [
	{"objects": ["panta_A1_5"],	"pos": [0.0, 3.6729, 5.4569],	"transform": [[63, 1.0, 0.0, 0.0]] } ] }
,
{"objects": ["panta_A2_1"],	"pos": [0.0, 2.8784, -6.4776],	"transform": [[33, 1.0, 0.0, 0.0]],
"childParts": [
	{"objects": ["panta_A2_2"],	"pos": [0.0, 3.6729, -5.4569],	"transform": [[-63, 1.0, 0.0, 0.0]],
	"childParts": [
		{"objects": ["panta_A2_3"],	"pos": [0.0, 4.6101, -6.9065],	"transform": [[30, 1.0, 0.0, 0.0]]} ] } ] },
{"objects": ["panta_A2_4"],	"pos": [0.0, 2.8784, -7.5224],	"transform": [[-33, 1.0, 0.0, 0.0]],
"childParts": [
	{"objects": ["panta_A2_5"],	"pos": [0.0, 3.6729, -8.5431],	"transform": [[63, 1.0, 0.0, 0.0]] } ] }
]

}