{
"trainName": "TokyoMono_1000-m2",
"trainType": "EC",
"tags": "Tokyo monorail",

"trainModel2": {"modelFile": "TokyoMono_1000-m.mqo",
				"textures": [["mat1", "textures/train/TokyoMono/1000-m2.png"],
							["window", "textures/train/TokyoMono/window.png", "AlphaBlend"],
							["shadow", "textures/train/TokyoMono/shadow.png", "AlphaBlend"]]},
"bogieModel2": {"modelFile": "MM-01_Tm2000_Mi.mqo",
				"textures": [["default", "textures/train/TokyoMono/MM-01_Tm2000_Mi.png"]]},
"buttonTexture": "textures/train/TokyoMono/1000-m2_button.png",
"smoothing":true,
"accuracy": "LOW",
"doCulling": "true",

"soundScriptPath": "scripts/sound_223.js",
"sound_BrakeRelease": "train.rtm_223_release",
"sound_BrakeRelease2": "train.brakeR_w",
"sound_Horn": "train.rtm_wh_00l",
"sound_DoorOpen": "train.door",
"sound_DoorClose": "train.door",

"door_left": [
	{"objects": ["DoorLF"],
	"pos": [0.0, 0.0, 0.0],
	"transform": [[0.0, 0.0, 0.98]]},
	{"objects": ["DoorLB"],
	"pos": [0.0, 0.0, 0.0],
	"transform": [[0.0, 0.0, -0.98]]}
],

"door_right": [
	{"objects": ["DoorRF"],
	"pos": [0.0, 0.0, 0.0],
	"transform": [[0.0, 0.0, 0.98]]},
	{"objects": ["DoorRB"],
	"pos": [0.0, 0.0, 0.0],
	"transform": [[0.0, 0.0, -0.98]]}
],

"slotPos": [
[0.95, 0.65, 6.99, 2],  [0.0, 0.95, 5.54, 2], [0.95, 0.65, 4.57, 2],
[0.95, 0.65, 1.90, 2], [0.95, 0.65, 0.99, 2], [0.95, 0.65, 0.55, 2], [0.95, 0.65, -0.55, 2], [0.95, 0.65, -0.99, 2], [0.95, 0.65, -1.90, 2],
[-0.95, 0.65, 1.90, 2], [-0.95, 0.65, 0.99, 2], [-0.95, 0.65, 0.55, 2], [-0.95, 0.65, -0.55, 2], [-0.95, 0.65, -0.99, 2], [-0.95, 0.65, -1.90, 2],
[-0.95, 0.65, -6.99, 2],  [0.0, 0.95, -5.54, 2], [0.95, 0.65, -4.57, 2]
],

"playerPos": [[0.0, 0.6, 7.0], [0.0, 0.6, -7.0]],
"bogiePos": [[0.0, 0.0, 4.6], [0.0, 0.0, -4.6]],
"trainDistance": 7.6,

"headLights": [],
"tailLights": [],
"interiorLights": [
	{"pos": [0.0, 2.8, 3.0]},
	{"pos": [0.0, 2.8, -3.0]} ],

"accelerateion" : 0.002,
"maxSpeed": [0.42, 0.69, 0.83, 1.04, 1.25]

}