{
"trainName": "TokyoMono_10000-m2",
"trainType": "EC",
"tags": "Tokyo monorail",

"trainModel2": {"modelFile": "TokyoMono_10000-m.mqo",
				"textures": [["m", "textures/train/TokyoMono/10000-m2.png"],
							["window", "textures/train/TokyoMono/window.png", "AlphaBlend"],
							["shadow", "textures/train/TokyoMono/shadow.png", "AlphaBlend"],
							["doorF", "textures/train/TokyoMono/10000_doorF.png"],
							["doorB", "textures/train/TokyoMono/10000_doorB.png"]]},
"bogieModel2": {"modelFile": "MM-01_Tm2000_Mi.mqo",
				"textures": [["default", "textures/train/TokyoMono/MM-01_Tm2000_Mi.png"]]},
"buttonTexture": "textures/train/TokyoMono/10000-m2_button.png",
"smoothing":true,
"accuracy": "LOW",
"doCulling": "true",

"soundScriptPath": "scripts/sound_223.js",
"sound_BrakeRelease": "train.rtm_223_release",
"sound_BrakeRelease2": "train.brakeR_w",
"sound_Horn": "train.rtm_wh_00l",
"sound_DoorOpen": "train.door",
"sound_DoorClose": "train.door",

"door_left": [
	{"objects": ["doorLF"],
	"pos": [0.0, 0.0, 0.0],
	"transform": [[0.0, 0.0, 0.53]]},
	{"objects": ["doorLB"],
	"pos": [0.0, 0.0, 0.0],
	"transform": [[0.0, 0.0, -0.53]]}
],

"door_right": [
	{"objects": ["doorRF"],
	"pos": [0.0, 0.0, 0.0],
	"transform": [[0.0, 0.0, 0.53]]},
	{"objects": ["doorRB"],
	"pos": [0.0, 0.0, 0.0],
	"transform": [[0.0, 0.0, -0.53]]}
],

"slotPos": [
[0.95, 0.65, 4.8, 2], [0.95, 0.65, 5.6, 2], [0.95, 0.65, 6.7, 2],  [0.35, 0.95, 4.18, 2], [0.35, 0.95, 5.56, 2],  [-0.35, 0.95, 4.18, 2], [-0.35, 0.95, 5.56, 2],
[0.95, 0.65, 0.51, 2], [0.95, 0.65, -0.45, 2], [0.95, 0.65, -1.41, 2],  [-0.87, 0.65, 1.55, 2], [-0.87, 0.65, 0.35, 2], [-0.87, 0.65, -0.35, 2], [-0.87, 0.65, -0.155, 2],
[0.95, 0.65, -4.8, 2], [0.95, 0.65, -5.6, 2], [0.95, 0.65, -6.7, 2],  [0.35, 0.95, -4.18, 2], [0.35, 0.95, -5.56, 2],  [-0.35, 0.95, -4.18, 2], [-0.35, 0.95, -5.56, 2]
],

"playerPos": [[0.0, 0.6, 6.5], [0.0, 0.6, -6.5]],
"bogiePos": [[0.0, 0.0, 4.7], [0.0, 0.0, -4.7]],
"trainDistance": 7.5,

"headLights": [],
"tailLights": [],
"interiorLights": [
	{"pos": [0.0, 2.8, 3.0]},
	{"pos": [0.0, 2.8, -3.0]} ],

"accelerateion" : 0.002,
"maxSpeed": [0.42, 0.69, 0.83, 1.04, 1.25]

}