{
"trainName": "TokyoMono_10000-cN",
"trainType": "EC",
"tags": "Tokyo monorail",

"trainModel2": {"modelFile": "TokyoMono_10000-c.mqo",
				"textures": [["c", "textures/train/TokyoMono/10000-cN.png", "Light"],
							["window", "textures/train/TokyoMono/window.png", "AlphaBlend"],
							["shadow", "textures/train/TokyoMono/shadow.png", "AlphaBlend"],
							["doorF", "textures/train/TokyoMono/10000_doorF.png"],
							["doorB", "textures/train/TokyoMono/10000_doorB.png"]]},
"bogieModel2": {"modelFile": "MM-01_Tm2000_Mi.mqo",
				"textures": [["default", "textures/train/TokyoMono/MM-01_Tm2000_Mi.png"]]},
"buttonTexture": "textures/train/TokyoMono/10000-cN_button.png",
"smoothing":true,
"accuracy": "LOW",
"doCulling": "true",

"soundScriptPath": "scripts/sound_223.js",
"sound_BrakeRelease": "train.rtm_223_release",
"sound_BrakeRelease2": "train.brakeR_w",
"sound_Horn": "train.rtm_wh_00l",
"sound_DoorOpen": "train.door",
"sound_DoorClose": "train.door",

"door_left": [
	{"objects": ["doorLF"],
	"pos": [0.0, 0.0, 0.0],
	"transform": [[0.0, 0.0, 0.53]]},
	{"objects": ["doorLB"],
	"pos": [0.0, 0.0, 0.0],
	"transform": [[0.0, 0.0, -0.53]]}
],

"door_right": [
	{"objects": ["doorRF"],
	"pos": [0.0, 0.0, 0.0],
	"transform": [[0.0, 0.0, 0.53]]},
	{"objects": ["doorRB"],
	"pos": [0.0, 0.0, 0.0],
	"transform": [[0.0, 0.0, -0.53]]}
],

"slotPos": [
[0.95, 0.65, 4.8, 2], [0.95, 0.65, 3.7, 2],  [-0.95, 0.65, 4.8, 2], [-0.95, 0.65, 3.7, 2],  [0.0, 0.95, 4.9, 2], [0.0, 0.95, 4.0, 2], [0.0, 0.95, 3.05, 2],
[0.95, 0.65, 0.99, 2], [0.95, 0.65, 0.03, 2], [0.95, 0.65, -0.93, 2],  [-0.95, 0.65, 0.03, 2], [-0.95, 0.65, -0.93, 2], 
[-0.95, 0.65, -5.4, 2], [-0.95, 0.65, -6.2, 2], [-0.95, 0.65, -7.3, 2],  [0.35, 0.95, -4.78, 2], [0.35, 0.95, -6.16, 2],  [-0.35, 0.95, -4.78, 2], [-0.35, 0.95, -6.16, 2]
],

"playerPos": [[0.8, 0.6, 6.8], [0.0, 0.6, -7.1]],
"bogiePos": [[0.0, 0.0, 4.1], [0.0, 0.0, -5.3]],
"trainDistance": 8.1,

"headLights": [
	{"type":0,	"color":15790320,	"pos":[1.387, 0.972, 7.77],	"r":0.2},
	{"type":0,	"color":15790320,	"pos":[-1.387, 0.972, 7.77],	"r":0.2},
	{"type":0,	"color":15790320,	"pos":[1.253, 0.972, 7.80],	"r":0.2},
	{"type":0,	"color":15790320,	"pos":[-1.253, 0.972, 7.80],	"r":0.2},
	{"type":1,	"color":15790320,	"pos":[1.387, 0.972, 7.77],	"r":1.0},
	{"type":1,	"color":15790320,	"pos":[-1.387, 0.972, 7.77],	"r":1.0},
	{"type":1,	"color":15790320,	"pos":[1.253, 0.972, 7.80],	"r":1.0},
	{"type":1,	"color":15790320,	"pos":[-1.253, 0.972, 7.80],	"r":1.0} ],
"tailLights": [
	{"type":0,	"color":14426368,	"pos":[1.078, 0.968, 7.83],	"r":0.2},
	{"type":0,	"color":14426368,	"pos":[-1.078, 0.968, 7.83],	"r":0.2},
	{"type":0,	"color":14426368,	"pos":[0.964, 0.968, 7.85],	"r":0.2},
	{"type":0,	"color":14426368,	"pos":[-0.964, 0.968, 7.85],	"r":0.2} ],
"interiorLights": [
	{"pos": [0.0, 2.8, 2.4]},
	{"pos": [0.0, 2.8, -3.6]} ],

"accelerateion" : 0.002,
"maxSpeed": [0.42, 0.69, 0.83, 1.04, 1.25]

}