{
"trainName": "TokyoMono_1000-c",
"trainType": "EC",
"tags": "Tokyo monorail",

"trainModel2": {"modelFile": "TokyoMono_1000-c.mqo",
				"textures": [["mat1", "textures/train/TokyoMono/1000-c.png", "Light"],
							["monitor", "textures/train/TokyoMono/10000-c.png"],
							["window", "textures/train/TokyoMono/window.png", "AlphaBlend"],
							["shadow", "textures/train/TokyoMono/shadow.png", "AlphaBlend"]]},
"bogieModel2": {"modelFile": "MM-01_Tm2000_Mi.mqo",
				"textures": [["default", "textures/train/TokyoMono/MM-01_Tm2000_Mi.png"]]},
"buttonTexture": "textures/train/TokyoMono/1000-c_button.png",
"smoothing":true,
"accuracy": "LOW",
"doCulling": "true",

"soundScriptPath": "scripts/sound_223.js",
"sound_BrakeRelease": "train.rtm_223_release",
"sound_BrakeRelease2": "train.brakeR_w",
"sound_Horn": "train.rtm_wh_00l",
"sound_DoorOpen": "train.door",
"sound_DoorClose": "train.door",

"door_left": [
	{"objects": ["DoorLF"],
	"pos": [0.0, 0.0, 0.0],
	"transform": [[0.0, 0.0, 0.98]]},
	{"objects": ["DoorLB"],
	"pos": [0.0, 0.0, 0.0],
	"transform": [[0.0, 0.0, -0.98]]}
],

"door_right": [
	{"objects": ["DoorRF"],
	"pos": [0.0, 0.0, 0.0],
	"transform": [[0.0, 0.0, 0.98]]},
	{"objects": ["DoorRB"],
	"pos": [0.0, 0.0, 0.0],
	"transform": [[0.0, 0.0, -0.98]]}
],

"slotPos": [
[0.95, 0.65, 4.78, 2], [0.95, 0.65, 3.99, 2], [-0.95, 0.65, 4.78, 2], [-0.95, 0.65, 3.99, 2],  [0.0, 0.65, 5.13, 2], [0.0, 0.95, 4.34, 2], [0.0, 0.95, 3.56, 2], 
[0.95, 0.65, 1.20, 2], [0.95, 0.65, 0.27, 2], [0.95, 0.65, -0.18, 2], [0.95, 0.65, -1.04, 2], [0.95, 0.65, -1.48, 2], [0.95, 0.65, -2.38, 2], 
[-0.95, 0.65, 0.64, 2], [-0.95, 0.65, -0.17, 2], [-0.95, 0.65, -1.04, 2], [-0.95, 0.65, -1.48, 2], [-0.95, 0.65, -2.38, 2], 
[0.0, 0.95, -5.25, 2], [0.0, 0.95, -6.23, 2], [-0.95, 0.65, -7.47, 2]
],

"playerPos": [[0.8, 0.6, 6.7], [0.0, 0.6, -7.0]],
"bogiePos": [[0.0, 0.0, 4.0], [0.0, 0.0, -5.25]],
"trainDistance": 8.1,

"headLights": [
	{"type":0,	"color":16773041,	"pos":[1.0, 0.935, 7.79],	"r":0.3},
	{"type":0,	"color":16773041,	"pos":[-1.0, 0.946, 7.79],	"r":0.3},
	{"type":1,	"color":16773041,	"pos":[1.0, 0.935, 7.79],	"r":1.0},
	{"type":1,	"color":16773041,	"pos":[-1.0, 0.935, 7.79],	"r":1.0} ],
"tailLights": [
	{"type":0,	"color":14426368,	"pos":[1.242, 0.935, 7.79],	"r":0.3},
	{"type":0,	"color":14426368,	"pos":[-1.242, 0.935, 7.79],	"r":0.3} ],
"interiorLights": [
	{"pos": [0.0, 2.8, 3.0]},
	{"pos": [0.0, 2.8, -3.0]} ],

"accelerateion" : 0.002,
"maxSpeed": [0.42, 0.69, 0.83, 1.04, 1.25]

}