{
  "Amairo no kami no otome": {
    "category": "neutral",
    "sounds": [
      "Amairo no kami no otome"
    ]
  },
  "Day Dream Believer": {
    "category": "neutral",
    "sounds": [
      "Day Dream Believer"
    ]
  },
  "London bashi": {
    "category": "neutral",
    "sounds": [
      "London bashi"
    ]
  },
  "Passenger": {
    "category": "neutral",
    "sounds": [
      "Passenger"
    ]
  },
  "shizukana kohan": {
    "category": "neutral",
    "sounds": [
      "shizukana kohan"
    ]
  }
}