{
  "awai koigokoro": {
    "category": "neutral",
    "sounds": [
      "awai koigokoro"
    ]
  },
  "ML-24": {
    "category": "neutral",
    "sounds": [
      "ML-24"
    ]
  },
  "Moon stone": {
    "category": "neutral",
    "sounds": [
      "Moon stone"
    ]
  },
  "rakuraku tetsudouryoko": {
    "category": "neutral",
    "sounds": [
      "rakuraku tetsudouryoko"
    ]
  },
  "umibe no sanpo": {
    "category": "neutral",
    "sounds": [
      "umibe no sanpo"
    ]
  }
}