{
  "sekkin1": {
    "category": "neutral",
    "sounds": [
      "sekkin1"
    ]
  },
  "sekkin2": {
    "category": "neutral",
    "sounds": [
      "sekkin2"
    ]
  },
  "sekkin3": {
    "category": "neutral",
    "sounds": [
      "sekkin3"
    ]
  },
  "sekkin4": {
    "category": "neutral",
    "sounds": [
      "sekkin4"
    ]
  },
  "sekkin5": {
    "category": "neutral",
    "sounds": [
      "sekkin5"
    ]
  },
  "sekkin6": {
    "category": "neutral",
    "sounds": [
      "sekkin6"
    ]
  },
  "sekkin7": {
    "category": "neutral",
    "sounds": [
      "sekkin7"
    ]
  },
  "sekkin8": {
    "category": "neutral",
    "sounds": [
      "sekkin8"
    ]
  },
  "sekkin9": {
    "category": "neutral",
    "sounds": [
      "sekkin9"
    ]
  },
  "sekkin10": {
    "category": "neutral",
    "sounds": [
      "sekkin10"
    ]
  },
  "sekkin11": {
    "category": "neutral",
    "sounds": [
      "sekkin11"
    ]
  },
  "sekkin12": {
    "category": "neutral",
    "sounds": [
      "sekkin12"
    ]
  },
  "sekkin13": {
    "category": "neutral",
    "sounds": [
      "sekkin13"
    ]
  },
  "sekkin14": {
    "category": "neutral",
    "sounds": [
      "sekkin14"
    ]
  },
  "sekkin15": {
    "category": "neutral",
    "sounds": [
      "sekkin15"
    ]
  },
  "sekkin16": {
    "category": "neutral",
    "sounds": [
      "sekkin16"
    ]
  }
}