{
  "SF-1": {
    "category": "neutral",
    "sounds": [
      "SF-1"
    ]
  },
  "SF-2": {
    "category": "neutral",
    "sounds": [
      "SF-2"
    ]
  },
  "SF-3": {
    "category": "neutral",
    "sounds": [
      "SF-3"
    ]
  },
  "SF10-31": {
    "category": "neutral",
    "sounds": [
      "SF10-31"
    ]
  },
  "SF10-38": {
    "category": "neutral",
    "sounds": [
      "SF10-38"
    ]
  },
  "SF10-43": {
    "category": "neutral",
    "sounds": [
      "SF10-43"
    ]
  },
  "SF10-60": {
    "category": "neutral",
    "sounds": [
      "SF10-60"
    ]
  },
  "SF10-68": {
    "category": "neutral",
    "sounds": [
      "SF10-68"
    ]
  },
  "SF-12": {
    "category": "neutral",
    "sounds": [
      "SF-12"
    ]
  }
}