{
  "Cielo Estrellado": {
    "category": "neutral",
    "sounds": [
      "Cielo Estrellado"
    ]
  },
  "Gota del Vient": {
    "category": "neutral",
    "sounds": [
      "Gota del Vient"
    ]
  },
  "Narita1": {
    "category": "neutral",
    "sounds": [
      "Narita1"
    ]
  },
  "Verde Rayo": {
    "category": "neutral",
    "sounds": [
      "Verde Rayo"
    ]
  },
  "Water Crown": {
    "category": "neutral",
    "sounds": [
      "Water Crown"
    ]
  }
}