{

"trainName": "fusae233_1_141_10",
"trainType": "EC",
"tags": "e233",

"trainModel2": {
	"modelFile": "usae233/e233tcn.mqo",
	"textures": [
		["tex0", "textures/usae233/tex0_1.png", "AlphaBlend"],
		["tex1", "textures/usae233/inl/fusae233_1_141_10.png", "AlphaBlend"],
		["light", "textures/usae233/light/light.png", "Light"]
	]
},

"bogieModel2": {
	"modelFile": "usae233/DT61.mqo",
	"textures": [["mat1", "textures/usae233/DT63.png", ""]],
	"rendererPath": "scripts/DT61.js"},

"buttonTexture": "textures/usae233/button/fusae233_1_141_10.png",

"soundScriptPath": "scripts/MugenLib_E233.js",
"sound_BrakeRelease": "sound_mugenlib:RTMLib.Brake.BR5H",
"sound_BrakeRelease2": "sound_mugenlib:RTMLib.Brake.BR5N",
"sound_Horn": "sound_mugenlib:RTMLib.Horn.Horn4",
"sound_DoorOpen": "sound_mugenlib:RTMLib.Door.E235_Open",
"sound_DoorClose": "sound_mugenlib:RTMLib.Door.E235_Close",
"muteJointSound": "true",

"slotPos": [
	[0.64, 0, -9.15, 2], [-0.64, 0, 9.15, 2],
	[1.08, 0, -8.6, 2], [-1.08, 0, -8.6, 2],
	[1.08, 0, -6.3, 2], [-1.08, 0, -6.3, 2],
	[1.08, 0, -5.4, 2], [-1.08, 0, -5.4, 2],
	[1.08, 0, -4.52, 2], [-1.08, 0, -4.52, 2],
	[1.08, 0, -3.65, 2], [-1.08, 0, -3.65, 2],
	[1.08, 0, -1.33, 2], [-1.08, 0, -1.33, 2],
	[1.08, 0, -0.45, 2], [-1.08, 0, -0.45, 2],
	[1.08, 0, 8.6, 2], [-1.08, 0, 8.6, 2],
	[1.08, 0, 6.3, 2], [-1.08, 0, 6.3, 2],
	[1.08, 0, 5.4, 2], [-1.08, 0, 5.4, 2],
	[1.08, 0, 4.52, 2], [-1.08, 0, 4.52, 2],
	[1.08, 0, 3.65, 2], [-1.08, 0, 3.65, 2],
	[1.08, 0, 1.33, 2], [-1.08, 0, 1.33, 2],
	[1.08, 0, 0.45, 2], [-1.08, 0, 0.45, 2]
	],

"interiorLights": [
	{"pos": [0.0, 2.5, 5.0]},
	{"pos": [0.0, 2.5, -5.0]}
],

"accelerateion" : 0.00194432,
"renderLight": true,
"smoothing": true,
"playerPos": [[0.70, 0.34, 8.8], [0.70, 0.34, 8.8]],
"bogiePos": [[0.0, 0.0, 7.0], [0.0, 0.0, -7.0]],
"trainDistance": 10,

"door_right": [
	{"objects": ["door_L1"],
	"pos": [0.0, 0.0, 0.0],
	"transform": [[0.0, 0.0, -0.70]]},
	{"objects": ["door_L2"],
	"pos": [0.0, 0.0, 0.0],
	"transform": [[0.0, 0.0, 0.70]]}],
	
"door_left": [
	{"objects": ["door_R1"],
	"pos": [0.0, 0.0, 0.0],
	"transform": [[0.0, 0.0, -0.70]]},
	{"objects": ["door_R2"],
	"pos": [0.0, 0.0, 0.0],
	"transform": [[0.0, 0.0, 0.70]]}],
	
	
		"rollsignTexture": "textures/usae233/rolls/1.png",
"rollsignNames": [

"null", 
"1", 
"2", 
"3", 
"4", 
"5",
"6",
"7",
"8",
"9",
"10",
"11",
"12",
"13",
"14",
"15",
"16",
"17",
"18",
"19",
"20",
"21",
"22",
"23",
"Party9853M",
"Party9852M",
"Extra9811M",
"Extra9810M",
"Test9751M",
"Test9750M",
"Test9447B",
"Test9446B",
"Test9791M",
"Test9790M",
"Test",
"kaisou9897M", 
"kaisou9896M",
"kaisou8897M", 
"kaisou8896M",
"kaisou9565M", 
"kaisou9564M",
"kaisou8850M", 
"kaisou8849M",
"kaisou8398M", 
"kaisou8397M",
"kaisou774B",
"kaisou911B",
"kaisou1542M",
"kaisou2631M",
"kaisou"
],
	"rollsigns": [
    {
      "uv": [0.17295005, 0.603675777, 0, 1],
      "pos": [[[0.4980, 2.4525, 9.6863], [0.4980, 2.2356, 9.6863], [-0.4980, 2.2356, 9.6863], [-0.4980, 2.4525, 9.6863]]],
        "doAnimation": false,
    	"disableLighting": false
    },
    {
      "uv": [0, 0.17295005, 0, 0.5],
      "pos": [[[-0.6734, 1.3361, 9.8422], [-0.6734, 1.2061, 9.8422], [-1.1334, 1.2061, 9.8422], [-1.1334, 1.3361, 9.8422]]],
      "doAnimation": false,
    	"disableLighting": false
    },
    {
      "uv": [0.603675777, 1, 0, 1],
      "pos": [[[1.4654, 2.2287, -0.1854], [1.4654, 2.1142, -0.1854], [1.4654, 2.1142, 0.3153], [1.4654, 2.2287, 0.3153]]],
      "doAnimation": false,
    	"disableLighting": false
    },
	{
      "uv": [0.603675777, 1, 0, 1],
      "pos": [[[-1.4654, 2.2287, 0.3153], [-1.4654, 2.1142, 0.3153], [-1.4654, 2.1142, -0.1854], [-1.4654, 2.2287, -0.1854]]],
      "doAnimation": false,
    	"disableLighting": false
    }
  ]
}