{
    "name": "EDB_Joban1",
    "model": {
        "modelFile": "EDB_JR_Common_s.mqo",
        "textures": [ [ "default", "textures/EDB_hi03/Joban/EDB_Joban1.png", "Alphablend,Light" ] ],
        "rendererPath": "scripts/EDB_hi03/renderEDB_Joban.js"
    },
    "buttonTexture": "textures/EDB_hi03/Joban/button_EDB_Joban1.png",
    "machineType": "Light",
    "rotateByMetadata": false,
    "brightness": [ 0, 15 ],
    "smoothing": true,
    "doCulling": false,
    "accuracy": "LOW"
}
