{
 "train.rtm_475_cam_MiHT": {
	"category": "neutral",
	"sounds": [
	  "train/rtm_475_cam_MiHT"
	]
 },
 "train.rtm_475_doorclose_MiHT": {
	"category": "neutral",
	"sounds": [
	  "train/rtm_475_doorclose_MiHT"
	]
 },
 "train.rtm_475_dooropen_MiHT": {
	"category": "neutral",
	"sounds": [
	  "train/rtm_475_dooropen_MiHT"
	]
 },
 "train.rtm_475_high_MiHT": {
	"category": "neutral",
	"sounds": [
	  "train/rtm_475_high_MiHT"
	]
 },
 "train.rtm_475_low_MiHT": {
	"category": "neutral",
	"sounds": [
	  "train/rtm_475_low_MiHT"
	]
 },
 "train.rtm_475_stopping_MiHT": {
	"category": "neutral",
	"sounds": [
	  "train/rtm_475_stopping_MiHT"
	]
 },
 "train.rtm_475_stop_MiHT": {
	"category": "neutral",
	"sounds": [
	  "train/rtm_475_stop_MiHT"
	]
 }
}
  